Entity,Code,Year,Share of the population with access to electricity
Afghanistan,AFG,2022,85.3
Albania,ALB,2022,100
Algeria,DZA,2022,100
Andorra,AND,2022,100
Angola,AGO,2022,48.5
Antigua and Barbuda,ATG,2022,100
Argentina,ARG,2022,100
Armenia,ARM,2022,100
Aruba,ABW,2022,99.9
Australia,AUS,2022,100
Austria,AUT,2022,100
Azerbaijan,AZE,2022,100
Bahamas,BHS,2022,100
Bahrain,BHR,2022,100
Bangladesh,BGD,2022,99.4
Barbados,BRB,2022,100
Belarus,BLR,2022,100
Belgium,BEL,2022,100
Belize,BLZ,2022,98.6
Benin,BEN,2022,56.5
Bermuda,BMU,2022,100
Bhutan,BTN,2022,100
Bolivia,BOL,2022,99.9
Bosnia and Herzegovina,BIH,2022,100
Botswana,BWA,2022,75.9
Brazil,BRA,2022,100
British Virgin Islands,VGB,2022,100
Brunei,BRN,2022,100
Bulgaria,BGR,2022,100
Burkina Faso,BFA,2022,19.5
Burundi,BDI,2022,10.3
Cambodia,KHM,2022,92.3
Cameroon,CMR,2022,71
Canada,CAN,2022,100
Cape Verde,CPV,2022,97.1
Cayman Islands,CYM,2022,100
Central African Republic,CAF,2022,15.7
Chad,TCD,2022,11.7
Channel Islands,OWID_CIS,2022,100
Chile,CHL,2022,100
China,CHN,2022,100
Colombia,COL,2022,100
Comoros,COM,2022,89.9
Congo,COG,2022,50.6
Costa Rica,CRI,2022,100
Cote d'Ivoire,CIV,2022,70.4
Croatia,HRV,2022,100
Cuba,CUB,2022,100
Curacao,CUW,2022,100
Cyprus,CYP,2022,100
Czechia,CZE,2022,100
Democratic Republic of Congo,COD,2022,21.5
Denmark,DNK,2022,100
Djibouti,DJI,2022,65
Dominica,DMA,2022,100
Dominican Republic,DOM,2022,98.1
East Asia and Pacific (WB),WB_EAP,2022,98.21597
East Timor,TLS,2022,99.7
Ecuador,ECU,2022,100
Egypt,EGY,2022,100
El Salvador,SLV,2022,100
Equatorial Guinea,GNQ,2022,67
Eritrea,ERI,2022,55.4
Estonia,EST,2022,100
Eswatini,SWZ,2022,82.3
Ethiopia,ETH,2022,55
Europe and Central Asia (WB),WB_ECA,2022,99.997734
European Union (27),OWID_EU27,2022,100
Faroe Islands,FRO,2022,100
Fiji,FJI,2022,92
Finland,FIN,2022,100
France,FRA,2022,100
French Polynesia,PYF,2022,100
Gabon,GAB,2022,93.5
Gambia,GMB,2022,65.4
Georgia,GEO,2022,100
Germany,DEU,2022,100
Ghana,GHA,2022,85.1
Gibraltar,GIB,2022,100
Greece,GRC,2022,100
Greenland,GRL,2022,100
Grenada,GRD,2022,94.2
Guam,GUM,2022,100
Guatemala,GTM,2022,99.1
Guinea,GIN,2022,47.7
Guinea-Bissau,GNB,2022,37.4
Guyana,GUY,2022,93
Haiti,HTI,2022,49.3
High-income countries,OWID_HIC,2022,99.9798
Honduras,HND,2022,94.4
Hong Kong,HKG,2022,100
Hungary,HUN,2022,100
Iceland,ISL,2022,100
India,IND,2022,99.2
Indonesia,IDN,2022,100
Iran,IRN,2022,100
Iraq,IRQ,2022,100
Ireland,IRL,2022,100
Isle of Man,IMN,2022,100
Israel,ISR,2022,100
Italy,ITA,2022,100
Jamaica,JAM,2022,100
Japan,JPN,2022,100
Jordan,JOR,2022,100
Kazakhstan,KAZ,2022,100
Kenya,KEN,2022,76
Kiribati,KIR,2022,94.4
Kuwait,KWT,2022,100
Kyrgyzstan,KGZ,2022,99.7
Laos,LAO,2022,100
Latin America and Caribbean (WB),WB_LAC,2022,98.57888
Latvia,LVA,2022,100
Lebanon,LBN,2022,100
Lesotho,LSO,2022,50
Liberia,LBR,2022,31.8
Libya,LBY,2022,70
Liechtenstein,LIE,2022,100
Lithuania,LTU,2022,100
Low-income countries,OWID_LIC,2022,44.958187
Lower-middle-income countries,OWID_LMC,2022,89.9476
Luxembourg,LUX,2022,100
Macao,MAC,2022,100
Madagascar,MDG,2022,36.1
Malawi,MWI,2022,14
Malaysia,MYS,2022,100
Maldives,MDV,2022,100
Mali,MLI,2022,53
Malta,MLT,2022,100
Marshall Islands,MHL,2022,100
Mauritania,MRT,2022,49
Mauritius,MUS,2022,100
Mexico,MEX,2022,100
Micronesia (country),FSM,2022,85.3
"Middle East, North Africa, Afghanistan and Pakistan (WB)",WB_MENAP,2022,95.86379
Moldova,MDA,2022,100
Monaco,MCO,2022,100
Mongolia,MNG,2022,100
Montenegro,MNE,2022,100
Morocco,MAR,2022,100
Mozambique,MOZ,2022,33.2
Myanmar,MMR,2022,73.7
Namibia,NAM,2022,56.2
Nauru,NRU,2022,100
Nepal,NPL,2022,91.3
Netherlands,NLD,2022,100
New Caledonia,NCL,2022,100
New Zealand,NZL,2022,100
Nicaragua,NIC,2022,86.5
Niger,NER,2022,19.5
Nigeria,NGA,2022,60.5
North America (WB),WB_NA,2022,100
North Korea,PRK,2022,54.7
North Macedonia,MKD,2022,100
Northern Mariana Islands,MNP,2022,100
Norway,NOR,2022,100
Oman,OMN,2022,100
Pakistan,PAK,2022,95
Palau,PLW,2022,100
Palestine,PSE,2022,100
Panama,PAN,2022,95
Papua New Guinea,PNG,2022,19
Paraguay,PRY,2022,100
Peru,PER,2022,96.2
Philippines,PHL,2022,94.8
Poland,POL,2022,100
Portugal,PRT,2022,100
Puerto Rico,PRI,2022,100
Qatar,QAT,2022,100
Romania,ROU,2022,100
Russia,RUS,2022,100
Rwanda,RWA,2022,50.6
Saint Kitts and Nevis,KNA,2022,100
Saint Lucia,LCA,2022,100
Saint Martin (French part),MAF,2022,100
Saint Vincent and the Grenadines,VCT,2022,100
Samoa,WSM,2022,98.3
San Marino,SMR,2022,100
Sao Tome and Principe,STP,2022,78
Saudi Arabia,SAU,2022,100
Senegal,SEN,2022,67.9
Serbia,SRB,2022,100
Seychelles,SYC,2022,100
Sierra Leone,SLE,2022,29.4
Singapore,SGP,2022,100
Sint Maarten (Dutch part),SXM,2022,100
Slovakia,SVK,2022,100
Slovenia,SVN,2022,100
Solomon Islands,SLB,2022,76
Somalia,SOM,2022,48.9
South Africa,ZAF,2022,86.5
South Asia (WB),WB_SA,2022,99.08951
South Korea,KOR,2022,100
South Sudan,SSD,2022,8.4
Spain,ESP,2022,100
Sri Lanka,LKA,2022,100
Sub-Saharan Africa (WB),WB_SSA,2022,51.50783
Sudan,SDN,2022,63.2
Suriname,SUR,2022,99
Sweden,SWE,2022,100
Switzerland,CHE,2022,100
Syria,SYR,2022,89
Tajikistan,TJK,2022,100
Tanzania,TZA,2022,45.8
Thailand,THA,2022,99.9
Togo,TGO,2022,57.2
Tonga,TON,2022,100
Trinidad and Tobago,TTO,2022,100
Tunisia,TUN,2022,100
Turkey,TUR,2022,100
Turkmenistan,TKM,2022,100
Turks and Caicos Islands,TCA,2022,99.9
Tuvalu,TUV,2022,100
Uganda,UGA,2022,47.1
Ukraine,UKR,2022,100
United Arab Emirates,ARE,2022,100
United Kingdom,GBR,2022,100
United States,USA,2022,100
United States Virgin Islands,VIR,2022,100
Upper-middle-income countries,OWID_UMC,2022,99.35376
Uruguay,URY,2022,100
Uzbekistan,UZB,2022,100
Vanuatu,VUT,2022,70
Venezuela,VEN,2022,100
Vietnam,VNM,2022,100
World,OWID_WRL,2022,91.28178
Yemen,YEM,2022,76
Zambia,ZMB,2022,47.8
Zimbabwe,ZWE,2022,50.1