Entity,Code,Year,Total electricity
ASEAN (Ember),,2022,1221.62
Afghanistan,AFG,2022,0.96
Africa,OWID_AFR,2022,923.17
Africa (EI),,2022,909.7005
Africa (Ember),,2022,923.26
Albania,ALB,2022,6.97
Algeria,DZA,2022,91.47
American Samoa,ASM,2022,0.18
Angola,AGO,2022,17.31
Antigua and Barbuda,ATG,2022,0.36
Argentina,ARG,2022,145.61
Armenia,ARM,2022,9.88
Aruba,ABW,2022,1
Asia,OWID_ASI,2022,16257.72
Asia (Ember),,2022,14524.92
Asia Pacific (EI),,2022,14548.024
Australia,AUS,2022,272.92
Austria,AUT,2022,64.47
Azerbaijan,AZE,2022,28.94
Bahamas,BHS,2022,2.05
Bahrain,BHR,2022,35.68
Bangladesh,BGD,2022,102.25
Barbados,BRB,2022,1.09
Belarus,BLR,2022,37.18
Belgium,BEL,2022,94.33
Belize,BLZ,2022,0.47
Benin,BEN,2022,0.99
Bermuda,BMU,2022,0.63
Bhutan,BTN,2022,10.77
Bolivia,BOL,2022,11.67
Bosnia and Herzegovina,BIH,2022,16.35
Botswana,BWA,2022,2.56
Brazil,BRA,2022,677.16
British Virgin Islands,VGB,2022,0.17
Brunei,BRN,2022,5.6
Bulgaria,BGR,2022,50.28
Burkina Faso,BFA,2022,1.69
Burundi,BDI,2022,0.39
CIS (EI),,2022,1505.8173
Cambodia,KHM,2022,10.1
Cameroon,CMR,2022,8.15
Canada,CAN,2022,664.08
Cape Verde,CPV,2022,0.5
Cayman Islands,CYM,2022,0.7
Central African Republic,CAF,2022,0.14
Chad,TCD,2022,0.39
Chile,CHL,2022,91.04
China,CHN,2022,8848.71
Colombia,COL,2022,82.86
Comoros,COM,2022,0.14
Congo,COG,2022,4.95
Cook Islands,COK,2022,0.04
Costa Rica,CRI,2022,12.44
Cote d'Ivoire,CIV,2022,12.61
Croatia,HRV,2022,14.1
Cuba,CUB,2022,15.65
Cyprus,CYP,2022,5.26
Czechia,CZE,2022,83.73
Democratic Republic of Congo,COD,2022,15.31
Denmark,DNK,2022,35.16
Djibouti,DJI,2022,0.2
Dominica,DMA,2022,0.15
Dominican Republic,DOM,2022,22.17
EU (Ember),,2022,2777.49
East Timor,TLS,2022,0.51
Ecuador,ECU,2022,33.06
Egypt,EGY,2022,216.72
El Salvador,SLV,2022,6.63
Equatorial Guinea,GNQ,2022,1.51
Eritrea,ERI,2022,0.44
Estonia,EST,2022,8.94
Eswatini,SWZ,2022,0.55
Ethiopia,ETH,2022,17.41
Europe,OWID_EUR,2022,4725.05
Europe (EI),,2022,3904.7993
Europe (Ember),,2022,5045.61
European Union (27),OWID_EU27,2022,2777.49
Falkland Islands,FLK,2022,0.01
Faroe Islands,FRO,2022,0.48
Fiji,FJI,2022,1.07
Finland,FIN,2022,72.17
France,FRA,2022,468.45
French Guiana,GUF,2022,0.95
French Polynesia,PYF,2022,0.71
G20 (Ember),,2022,24275.41
G7 (Ember),,2022,7631.62
Gabon,GAB,2022,3.19
Gambia,GMB,2022,0.51
Georgia,GEO,2022,14.25
Germany,DEU,2022,566.88
Ghana,GHA,2022,23.22
Gibraltar,GIB,2022,0.21
Greece,GRC,2022,51.67
Greenland,GRL,2022,0.54
Grenada,GRD,2022,0.24
Guadeloupe,GLP,2022,1.64
Guam,GUM,2022,1.8
Guatemala,GTM,2022,13.48
Guinea,GIN,2022,4
Guinea-Bissau,GNB,2022,0.08
Guyana,GUY,2022,1.28
Haiti,HTI,2022,1.01
High-income countries,OWID_HIC,2022,12850.92
Honduras,HND,2022,11.33
Hong Kong,HKG,2022,36.1
Hungary,HUN,2022,35.78
Iceland,ISL,2022,19.87
India,IND,2022,1804.61
Indonesia,IDN,2022,333.54
Iran,IRN,2022,367.06
Iraq,IRQ,2022,133.86
Ireland,IRL,2022,33.79
Israel,ISR,2022,76.87
Italy,ITA,2022,280.17
Jamaica,JAM,2022,4.49
Japan,JPN,2022,1040.57
Jordan,JOR,2022,22.57
Kazakhstan,KAZ,2022,113.44
Kenya,KEN,2022,12.96
Kiribati,KIR,2022,0.04
Kosovo,OWID_KOS,2022,6.91
Kuwait,KWT,2022,85.29
Kyrgyzstan,KGZ,2022,13.82
Laos,LAO,2022,51.04
Latin America and Caribbean (Ember),,2022,1732.06
Latvia,LVA,2022,5.03
Lebanon,LBN,2022,4.37
Lesotho,LSO,2022,0.48
Liberia,LBR,2022,0.39
Libya,LBY,2022,35.11
Lithuania,LTU,2022,4.04
Low-income countries,OWID_LIC,2022,141.23
Lower-middle-income countries,OWID_LMC,2022,2872.72
Luxembourg,LUX,2022,1.21
Macao,MAC,2022,0.49
Madagascar,MDG,2022,2.64
Malawi,MWI,2022,1.83
Malaysia,MYS,2022,183.63
Maldives,MDV,2022,0.85
Mali,MLI,2022,4.34
Malta,MLT,2022,2.3
Martinique,MTQ,2022,1.49
Mauritania,MRT,2022,1.64
Mauritius,MUS,2022,3.12
Mexico,MEX,2022,340.15
Middle East (EI),,2022,1418.5934
Middle East (Ember),,2022,1412.24
Moldova,MDA,2022,5.33
Mongolia,MNG,2022,7.75
Montenegro,MNE,2022,3.31
Montserrat,MSR,2022,0.01
Morocco,MAR,2022,41.41
Mozambique,MOZ,2022,19.56
Myanmar,MMR,2022,23.25
Namibia,NAM,2022,1.32
Nauru,NRU,2022,0.04
Nepal,NPL,2022,10.7
Netherlands,NLD,2022,119.96
New Caledonia,NCL,2022,3.09
New Zealand,NZL,2022,43.25
Nicaragua,NIC,2022,4.32
Niger,NER,2022,0.79
Nigeria,NGA,2022,38
Niue,NIU,2022,0
North America,OWID_NAM,2022,5436.5903
North America (EI),,2022,5570.2393
North America (Ember),,2022,4951.51
North Korea,PRK,2022,26.55
North Macedonia,MKD,2022,5.94
Norway,NOR,2022,145.42
OECD (EI),,2022,11388.447
OECD (Ember),,2022,11056.62
Oceania,OWID_OCE,2022,328.16
Oceania (Ember),,2022,328.16
Oman,OMN,2022,42.4
Pakistan,PAK,2022,175.97
Palestine,PSE,2022,1.02
Panama,PAN,2022,12.25
Papua New Guinea,PNG,2022,4.59
Paraguay,PRY,2022,44.11
Peru,PER,2022,59.9
Philippines,PHL,2022,111.55
Poland,POL,2022,178.6
Portugal,PRT,2022,46.33
Puerto Rico,PRI,2022,19.9
Qatar,QAT,2022,54.75
Reunion,REU,2022,3.06
Romania,ROU,2022,54.74
Russia,RUS,2022,1166.94
Rwanda,RWA,2022,1.04
Saint Helena,SHN,2022,0.01
Saint Kitts and Nevis,KNA,2022,0.22
Saint Lucia,LCA,2022,0.4
Saint Pierre and Miquelon,SPM,2022,0.05
Saint Vincent and the Grenadines,VCT,2022,0.15
Samoa,WSM,2022,0.16
Sao Tome and Principe,STP,2022,0.09
Saudi Arabia,SAU,2022,409.84
Senegal,SEN,2022,7.16
Serbia,SRB,2022,34.84
Seychelles,SYC,2022,0.62
Sierra Leone,SLE,2022,0.2
Singapore,SGP,2022,56.92
Slovakia,SVK,2022,26.54
Slovenia,SVN,2022,13.36
Solomon Islands,SLB,2022,0.11
Somalia,SOM,2022,0.42
South Africa,ZAF,2022,239.17
South America,OWID_SAM,2022,1246.98
South Korea,KOR,2022,622.59
South Sudan,SSD,2022,0.51
South and Central America (EI),,2022,1397.1715
Spain,ESP,2022,287.15
Sri Lanka,LKA,2022,16.75
Sudan,SDN,2022,16.78
Suriname,SUR,2022,2.11
Sweden,SWE,2022,173.05
Switzerland,CHE,2022,61.72
Syria,SYR,2022,20.08
Taiwan,TWN,2022,288.19
Tajikistan,TJK,2022,21.49
Tanzania,TZA,2022,9.62
Thailand,THA,2022,180.37
Togo,TGO,2022,0.9
Tonga,TON,2022,0.08
Trinidad and Tobago,TTO,2022,9.5
Tunisia,TUN,2022,21.41
Turkey,TUR,2022,320.56
Turkmenistan,TKM,2022,32.6
Turks and Caicos Islands,TCA,2022,0.26
Uganda,UGA,2022,5.75
Ukraine,UKR,2022,111.51
United Arab Emirates,ARE,2022,155.42
United Kingdom,GBR,2022,324.58
United States,USA,2022,4286.89
United States Virgin Islands,VIR,2022,0.68
Upper-middle-income countries,OWID_UMC,2022,13046.49
Uruguay,URY,2022,14.86
Uzbekistan,UZB,2022,75.07
Vanuatu,VUT,2022,0.08
Venezuela,VEN,2022,82.36
Vietnam,VNM,2022,265.11
World,OWID_WRL,2022,28917.76
Yemen,YEM,2022,3.03
Zambia,ZMB,2022,19.47
Zimbabwe,ZWE,2022,8.94