Entity,Code,Year,GDP
Afghanistan,AFG,2022,80415503801
Albania,ALB,2022,47534262248
Algeria,DZA,2022,672255873183
Andorra,AND,2022,5094216232
Angola,AGO,2022,311841911795
Antigua and Barbuda,ATG,2022,2579611133
Argentina,ARG,2022,1263476170672
Armenia,ARM,2022,53107640868
Aruba,ABW,2022,4194046268
Australia,AUS,2022,1561881261293
Austria,AUT,2022,593999511161
Azerbaijan,AZE,2022,213496582468
Bahamas,BHS,2022,13652619122
Bahrain,BHR,2022,87781147010
Bangladesh,BGD,2022,1336135828193
Barbados,BRB,2022,5785975958
Belarus,BLR,2022,244890010830
Belgium,BEL,2022,731215334523
Belize,BLZ,2022,5060486974
Benin,BEN,2022,49373564169
Bermuda,BMU,2022,6341714861
Bhutan,BTN,2022,10980675420
Bolivia,BOL,2022,138738901712
Bosnia and Herzegovina,BIH,2022,61846644202
Botswana,BWA,2022,45497577323
Brazil,BRA,2022,3902034936461
Brunei,BRN,2022,34771064644
Bulgaria,BGR,2022,209686749928
Burkina Faso,BFA,2022,55579306937
Burundi,BDI,2022,13695570972
Cambodia,KHM,2022,111095066386
Cameroon,CMR,2022,133843481810
Canada,CAN,2022,2281820645928
Cape Verde,CPV,2022,4599763302
Cayman Islands,CYM,2022,5493562191
Central African Republic,CAF,2022,5795459458
Chad,TCD,2022,45205973768
Chile,CHL,2022,577996570020
China,CHN,2022,30360791708734
Colombia,COL,2022,955016270619
Comoros,COM,2022,2891162327
Congo,COG,2022,37448454255
Costa Rica,CRI,2022,128517881298
Cote d'Ivoire,CIV,2022,190645475535
Croatia,HRV,2022,153700929431
Curacao,CUW,2022,4098982644
Cyprus,CYP,2022,47761174188
Czechia,CZE,2022,516430851532
Democratic Republic of Congo,COD,2022,151991753572
Denmark,DNK,2022,407837693288
Djibouti,DJI,2022,7028026489
Dominica,DMA,2022,1172849827
Dominican Republic,DOM,2022,258160411677
East Asia and Pacific (WB),WB_EAP,2022,53006893541536
East Timor,TLS,2022,7323663116
Ecuador,ECU,2022,252861189718
Egypt,EGY,2022,1842478578397
El Salvador,SLV,2022,69621208666
Equatorial Guinea,GNQ,2022,30539013900
Estonia,EST,2022,58168211977
Eswatini,SWZ,2022,12100927320
Ethiopia,ETH,2022,332969605707
Europe and Central Asia (WB),WB_ECA,2022,40240280419639
European Union (27),OWID_EU27,2022,24049416863215
Faroe Islands,FRO,2022,3787680245
Fiji,FJI,2022,11141848421
Finland,FIN,2022,317077555419
France,FRA,2022,3659719845024
Gabon,GAB,2022,45362721558
Gambia,GMB,2022,7548689488
Georgia,GEO,2022,77838277278
Germany,DEU,2022,5304908660450
Ghana,GHA,2022,223042548956
Greece,GRC,2022,373967511088
Greenland,GRL,2022,4004868911
Grenada,GRD,2022,1914617246
Guatemala,GTM,2022,216753186092
Guinea,GIN,2022,53297229730
Guinea-Bissau,GNB,2022,5476065033
Guyana,GUY,2022,30456604136
Haiti,HTI,2022,34853380015
High-income countries,OWID_HIC,2022,79959740876873
Honduras,HND,2022,66472658301
Hong Kong,HKG,2022,470412277408
Hungary,HUN,2022,390071382981
Iceland,ISL,2022,25434235020
India,IND,2022,11898556034131
Indonesia,IDN,2022,3718000273848
Iran,IRN,2022,1466224615320
Iraq,IRQ,2022,592017239176
Ireland,IRL,2022,641217801698
Israel,ISR,2022,460025066258
Italy,ITA,2022,3088381557782
Jamaica,JAM,2022,31504952370
Japan,JPN,2022,5858271981764
Jordan,JOR,2022,114346453639
Kazakhstan,KAZ,2022,671284847990
Kenya,KEN,2022,297937902775
Kiribati,KIR,2022,407999715
Kosovo,OWID_KOS,2022,23024964288
Kuwait,KWT,2022,235815321817
Kyrgyzstan,KGZ,2022,42826301521
Laos,LAO,2022,61855602705
Latin America and Caribbean (WB),WB_LAC,2022,12640957959784
Latvia,LVA,2022,70887901972
Lebanon,LBN,2022,65916578510
Lesotho,LSO,2022,5892552408
Liberia,LBR,2022,8484422471
Libya,LBY,2022,82712999632
Lithuania,LTU,2022,132074990284
Low-income countries,OWID_LIC,2022,1695771948071
Lower-middle-income countries,OWID_LMC,2022,23336603557932
Luxembourg,LUX,2022,86582408269
Macao,MAC,2022,40584792457
Madagascar,MDG,2022,48773520851
Malawi,MWI,2022,34143252119
Malaysia,MYS,2022,1114739189433
Maldives,MDV,2022,11193757023
Mali,MLI,2022,64922047299
Malta,MLT,2022,30206751229
Marshall Islands,MHL,2022,278044349
Mauritania,MRT,2022,29513507111
Mauritius,MUS,2022,31569471717
Mexico,MEX,2022,2751273454760
Micronesia (country),FSM,2022,427804002
"Middle East, North Africa, Afghanistan and Pakistan (WB)",WB_MENAP,2022,11156991854840
Moldova,MDA,2022,38815627943
Mongolia,MNG,2022,52572175378
Montenegro,MNE,2022,15953525339
Morocco,MAR,2022,329348886632
Mozambique,MOZ,2022,48224599530
Myanmar,MMR,2022,287624434643
Namibia,NAM,2022,28761087697
Nauru,NRU,2022,141840340
Nepal,NPL,2022,141546136718
Netherlands,NLD,2022,1262505477809
New Zealand,NZL,2022,253287094503
Nicaragua,NIC,2022,48984491097
Niger,NER,2022,43660546146
Nigeria,NGA,2022,1729924225820
North America (WB),WB_NA,2022,26612693378055
North Macedonia,MKD,2022,41803758784
Norway,NOR,2022,519026367563
Oman,OMN,2022,188169394400
Pakistan,PAK,2022,1346757947320
Palau,PLW,2022,288736959
Palestine,PSE,2022,29016323292
Panama,PAN,2022,149252961480
Papua New Guinea,PNG,2022,42098584668
Paraguay,PRY,2022,102913813496
Peru,PER,2022,521096217783
Philippines,PHL,2022,1077772591518
Poland,POL,2022,1598248809948
Portugal,PRT,2022,428547000796
Puerto Rico,PRI,2022,136247082992
Qatar,QAT,2022,304902716904
Romania,ROU,2022,747783730203
Russia,RUS,2022,5606620581333
Rwanda,RWA,2022,40722493252
Saint Kitts and Nevis,KNA,2022,1389586681
Saint Lucia,LCA,2022,4078218523
Saint Vincent and the Grenadines,VCT,2022,1717946809
Samoa,WSM,2022,1388474676
San Marino,SMR,2022,2392810197
Sao Tome and Principe,STP,2022,1274581195
Saudi Arabia,SAU,2022,2161486188573
Senegal,SEN,2022,74641816330
Serbia,SRB,2022,164290982541
Seychelles,SYC,2022,3269754971
Sierra Leone,SLE,2022,24290220817
Singapore,SGP,2022,760028410066
Sint Maarten (Dutch part),SXM,2022,1917984095
Slovakia,SVK,2022,209931704693
Slovenia,SVN,2022,99391944966
Solomon Islands,SLB,2022,1820197491
Somalia,SOM,2022,24700978342
South Africa,ZAF,2022,858794557506
South Asia (WB),WB_SA,2022,13692289943372
South Korea,KOR,2022,2750458690513
Spain,ESP,2022,2233210888832
Sri Lanka,LKA,2022,293877511885
Sub-Saharan Africa (WB),WB_SSA,2022,5889462381744
Sudan,SDN,2022,154672454523
Suriname,SUR,2022,11679705719
Sweden,SWE,2022,655900483732
Switzerland,CHE,2022,752743104247
Syria,SYR,2022,102864167600
Tajikistan,TJK,2022,42905400915
Tanzania,TZA,2022,222506089071
Thailand,THA,2022,1489833746301
Togo,TGO,2022,24903047324
Tonga,TON,2022,715491728
Trinidad and Tobago,TTO,2022,42045093076
Tunisia,TUN,2022,154063681928
Turkey,TUR,2022,2848595614232
Turkmenistan,TKM,2022,122505531400
Turks and Caicos Islands,TCA,2022,1293326643
Tuvalu,TUV,2022,50405042
Uganda,UGA,2022,128922716406
Ukraine,UKR,2022,531796221835
United Arab Emirates,ARE,2022,706010444877
United Kingdom,GBR,2022,3650975582470
United States,USA,2022,24324531017265
United States Virgin Islands,VIR,2022,4899522415
Upper-middle-income countries,OWID_UMC,2022,59110891411666
Uruguay,URY,2022,104575997616
Uzbekistan,UZB,2022,352582543777
Vanuatu,VUT,2022,1145284648
Vietnam,VNM,2022,1293831367134
World,OWID_WRL,2022,163140044693829
Zambia,ZMB,2022,72250777479
Zimbabwe,ZWE,2022,80936350936