Entity,Code,Year,all years
Afghanistan,AFG,2022,40578847
Africa,OWID_AFR,2022,1445862695
Africa (UN),UN_AFR,2022,1446883650
Albania,ALB,2022,2827614
Algeria,DZA,2022,45477391
American Samoa,ASM,2022,48365
Americas (UN),,2022,1034848561
Andorra,AND,2022,79722
Angola,AGO,2022,35635028
Anguilla,AIA,2022,14202
Antigua and Barbuda,ATG,2022,92850
Argentina,ARG,2022,45407904
Armenia,ARM,2022,2880880
Aruba,ABW,2022,107792
Asia,OWID_ASI,2022,4746329727
Asia (UN),UN_ASI,2022,4747661026
Australia,AUS,2022,26200987
Austria,AUT,2022,9064678
Azerbaijan,AZE,2022,10295307
Bahamas,BHS,2022,397542
Bahrain,BHR,2022,1533460
Bangladesh,BGD,2022,169384891
Barbados,BRB,2022,282324
Belarus,BLR,2022,9173240
Belgium,BEL,2022,11641814
Belize,BLZ,2022,402741
Benin,BEN,2022,13759507
Bermuda,BMU,2022,64772
Bhutan,BTN,2022,780921
Bolivia,BOL,2022,12077156
Bonaire Sint Eustatius and Saba,BES,2022,28654
Bosnia and Herzegovina,BIH,2022,3204802
Botswana,BWA,2022,2439895
Brazil,BRA,2022,210306411
British Virgin Islands,VGB,2022,38346
Brunei,BRN,2022,455374
Bulgaria,BGR,2022,6825862
Burkina Faso,BFA,2022,22509038
Burundi,BDI,2022,13321102
Cambodia,KHM,2022,17201721
Cameroon,CMR,2022,27632770
Canada,CAN,2022,38821259
Cape Verde,CPV,2022,519750
Cayman Islands,CYM,2022,71610
Central African Republic,CAF,2022,5098038
Chad,TCD,2022,18455319
Chile,CHL,2022,19553033
China,CHN,2022,1425179562
Colombia,COL,2022,51737944
Comoros,COM,2022,834191
Congo,COG,2022,6035104
Cook Islands,COK,2022,14747
Costa Rica,CRI,2022,5081764
Cote d'Ivoire,CIV,2022,30395004
Croatia,HRV,2022,3907031
Cuba,CUB,2022,11059822
Curacao,CUW,2022,185350
Cyprus,CYP,2022,1331376
Czechia,CZE,2022,10673216
Democratic Republic of Congo,COD,2022,102396974
Denmark,DNK,2022,5902901
Djibouti,DJI,2022,1137101
Dominica,DMA,2022,66847
Dominican Republic,DOM,2022,11230734
East Timor,TLS,2022,1369299
Ecuador,ECU,2022,17823900
Egypt,EGY,2022,112618252
El Salvador,SLV,2022,6280316
Equatorial Guinea,GNQ,2022,1803549
Eritrea,ERI,2022,3409450
Estonia,EST,2022,1350093
Eswatini,SWZ,2022,1218921
Ethiopia,ETH,2022,125384285
Europe,OWID_EUR,2022,748296168
Europe (UN),UN_EUR,2022,746964589
Falkland Islands,FLK,2022,3515
Faroe Islands,FRO,2022,54039
Fiji,FJI,2022,919428
Finland,FIN,2022,5569300
France,FRA,2022,66277412
French Guiana,GUF,2022,298319
French Polynesia,PYF,2022,280388
Gabon,GAB,2022,2430750
Gambia,GMB,2022,2636472
Georgia,GEO,2022,3794782
Germany,DEU,2022,84086227
Ghana,GHA,2022,33149152
Gibraltar,GIB,2022,37631
Greece,GRC,2022,10412481
Greenland,GRL,2022,56014
Grenada,GRD,2022,116928
Guadeloupe,GLP,2022,384702
Guam,GUM,2022,165193
Guatemala,GTM,2022,17847877
Guernsey,GGY,2022,63750
Guinea,GIN,2022,14055136
Guinea-Bissau,GNB,2022,2105535
Guyana,GUY,2022,821638
Haiti,HTI,2022,11503603
High-income countries,OWID_HIC,2022,1254316691
Honduras,HND,2022,10463880
Hong Kong,HKG,2022,7465913
Hungary,HUN,2022,9684308
Iceland,ISL,2022,380368
India,IND,2022,1425423209
Indonesia,IDN,2022,278830527
Iran,IRN,2022,89524247
Iraq,IRQ,2022,44070556
Ireland,IRL,2022,5110015
Isle of Man,IMN,2022,84148
Israel,ISR,2022,9103143
Italy,ITA,2022,59619106
Jamaica,JAM,2022,2839150
Japan,JPN,2022,124997585
Jersey,JEY,2022,103493
Jordan,JOR,2022,11256269
Kazakhstan,KAZ,2022,20034612
Kenya,KEN,2022,54252458
Kiribati,KIR,2022,130483
Kosovo,OWID_KOS,2022,1717950
Kuwait,KWT,2022,4589514
Kyrgyzstan,KGZ,2022,6955792
Land-locked developing countries (LLDC),,2022,566128950
Laos,LAO,2022,7559008
Latin America and the Caribbean (UN),UN_LAC,2022,654366789
Latvia,LVA,2022,1881059
Least developed countries,,2022,1134811912
Lebanon,LBN,2022,5744492
Lesotho,LSO,2022,2286112
Less developed regions,,2022,6737630528
"Less developed regions, excluding China",,2022,5280860581
"Less developed regions, excluding least developed countries",,2022,5602818622
Liberia,LBR,2022,5373297
Libya,LBY,2022,7223804
Liechtenstein,LIE,2022,39338
Lithuania,LTU,2022,2816923
Low-income countries,OWID_LIC,2022,716865785
Lower-middle-income countries,OWID_LMC,2022,3216231050
Luxembourg,LUX,2022,653315
Macao,MAC,2022,704360
Madagascar,MDG,2022,30437261
Malawi,MWI,2022,20568731
Malaysia,MYS,2022,34695494
Maldives,MDV,2022,524116
Mali,MLI,2022,23072641
Malta,MLT,2022,528194
Marshall Islands,MHL,2022,40094
Martinique,MTQ,2022,349462
Mauritania,MRT,2022,4875644
Mauritius,MUS,2022,1276134
Mayotte,MYT,2022,305279
Mexico,MEX,2022,128613116
Micronesia (country),FSM,2022,112122
Moldova,MDA,2022,3039986
Monaco,MCO,2022,38950
Mongolia,MNG,2022,3386015
Montenegro,MNE,2022,614649
Montserrat,MSR,2022,4476
More developed regions,,2022,1283776667
Morocco,MAR,2022,37329068
Mozambique,MOZ,2022,32656242
Myanmar,MMR,2022,53756791
Namibia,NAM,2022,2889668
Nauru,NRU,2022,11822
Nepal,NPL,2022,29715435
Netherlands,NLD,2022,17904421
New Caledonia,NCL,2022,287130
New Zealand,NZL,2022,5131731
Nicaragua,NIC,2022,6730662
Niger,NER,2022,25311978
Nigeria,NGA,2022,223150906
Niue,NIU,2022,1844
North America,OWID_NAM,2022,604356255
North Korea,PRK,2022,26328843
North Macedonia,MKD,2022,1840236
Northern America (UN),UN_NAM,2022,380481768
Northern Mariana Islands,MNP,2022,46101
Norway,NOR,2022,5456796
Oceania,OWID_OCE,2022,45049680
Oceania (UN),UN_OCE,2022,45049349
Oman,OMN,2022,4730229
Pakistan,PAK,2022,243700667
Palau,PLW,2022,17784
Palestine,PSE,2022,5305274
Panama,PAN,2022,4400775
Papua New Guinea,PNG,2022,10203177
Paraguay,PRY,2022,6760460
Peru,PER,2022,33475436
Philippines,PHL,2022,113964343
Poland,POL,2022,38385734
Portugal,PRT,2022,10417074
Puerto Rico,PRI,2022,3240972
Qatar,QAT,2022,2892466
Reunion,REU,2022,871543
Romania,ROU,2022,19166776
Russia,RUS,2022,145579889
Rwanda,RWA,2022,13651025
Saint Barthelemy,BLM,2022,10948
Saint Helena,SHN,2022,5369
Saint Kitts and Nevis,KNA,2022,46732
Saint Lucia,LCA,2022,178794
Saint Martin (French part),MAF,2022,28899
Saint Pierre and Miquelon,SPM,2022,5760
Saint Vincent and the Grenadines,VCT,2022,102063
Samoa,WSM,2022,215270
San Marino,SMR,2022,34113
Sao Tome and Principe,STP,2022,226313
Saudi Arabia,SAU,2022,32175351
Senegal,SEN,2022,17651099
Serbia,SRB,2022,6791215
Seychelles,SYC,2022,125533
Sierra Leone,SLE,2022,8276809
Singapore,SGP,2022,5649888
Sint Maarten (Dutch part),SXM,2022,42163
Slovakia,SVK,2022,5473195
Slovenia,SVN,2022,2115231
Small island developing states (SIDS),,2022,72230334
Solomon Islands,SLB,2022,781075
Somalia,SOM,2022,17801895
South Africa,ZAF,2022,62378417
South America,OWID_SAM,2022,430492816
South Korea,KOR,2022,51782515
South Sudan,SSD,2022,11021175
Spain,ESP,2022,47828386
Sri Lanka,LKA,2022,22834965
Sudan,SDN,2022,49383344
Suriname,SUR,2022,623172
Sweden,SWE,2022,10487335
Switzerland,CHE,2022,8792180
Syria,SYR,2022,22462170
Taiwan,TWN,2022,23420107
Tajikistan,TJK,2022,10182228
Tanzania,TZA,2022,64711822
Thailand,THA,2022,71735321
Togo,TGO,2022,8068616
Tokelau,TKL,2022,2312
Tonga,TON,2022,105053
Trinidad and Tobago,TTO,2022,1495923
Tunisia,TUN,2022,12119338
Turkey,TUR,2022,87058469
Turkmenistan,TKM,2022,7230197
Turks and Caicos Islands,TCA,2022,45869
Tuvalu,TUV,2022,10012
Uganda,UGA,2022,47312718
Ukraine,UKR,2022,41048768
United Arab Emirates,ARE,2022,10242085
United Kingdom,GBR,2022,68179315
United States,USA,2022,341534041
United States Virgin Islands,VIR,2022,86521
Upper-middle-income countries,OWID_UMC,2022,2804740302
Uruguay,URY,2022,3390913
Uzbekistan,UZB,2022,34938953
Vanuatu,VUT,2022,313061
Vatican,VAT,2022,513
Venezuela,VEN,2022,28213015
Vietnam,VNM,2022,99680656
Wallis and Futuna,WLF,2022,11501
Western Sahara,ESH,2022,568746
World,OWID_WRL,2022,8021407196
Yemen,YEM,2022,38222878
Zambia,ZMB,2022,20152935
Zimbabwe,ZWE,2022,16069061